Feature Name,Feature Code,Short Description of Computation,Category,Long Description of Computation,Additional Info
Percent Alanine,AA_A,Percentage of sequence comprised of alanines,Composition,,"K/A/P repeats linked with histones: https://pubmed.ncbi.nlm.nih.gov/24773235/
As are chain expanding in PPII proteins: https://pmc.ncbi.nlm.nih.gov/articles/PMC4237723/"
Percent Cysteine,AA_C,Percentage of sequence comprised of cysteines,Composition,,
Percent Aspartate,AA_D,Percentage of sequence comprised of aspartates,Composition,,
Percent Glutamate,AA_E,Percentage of sequence comprised of glutamates,Composition,,
Percent Phenylalanine,AA_F,Percentage of sequence comprised of phenylalanines,Composition,,F/G repeats linked with nucleoporins: https://pubmed.ncbi.nlm.nih.gov/24773235/
Percent Glycine,AA_G,Percentage of sequence comprised of glycines,Composition,,"F/G repeats linked with nucleoporins: https://pubmed.ncbi.nlm.nih.gov/24773235/
Glycine in LAF-1: https://pubmed.ncbi.nlm.nih.gov/26015579/"
Percent Histidine,AA_H,Percentage of sequence comprised of histidines,Composition,,Histidines can be compaction-promoting: https://pmc.ncbi.nlm.nih.gov/articles/PMC2872267/
Percent Isoleucine,AA_I,Percentage of sequence comprised of isoleucines,Composition,,
Percent Lysine,AA_K,Percentage of sequence comprised of lysines,Composition,,K/A/P repeats linked with histones: https://pubmed.ncbi.nlm.nih.gov/24773235/
Percent Leucine,AA_L,Percentage of sequence comprised of leucines,Composition,,
Percent Methionine,AA_M,Percentage of sequence comprised of methionines,Composition,,
Percent Asparagine,AA_N,Percentage of sequence comprised of asparagines,Composition,,Q/N-rich proteins are aggregation prone: https://pubmed.ncbi.nlm.nih.gov/24773235/
Percent Proline,AA_P,Percentage of sequence comprised of prolines,Composition,,"P is a chain expander and secondary structure breaker: https://pubmed.ncbi.nlm.nih.gov/20483348/
SH3 binding: https://pubmed.ncbi.nlm.nih.gov/15943979/
P/T/S repeats linked with mucins, K/A/P repeats linked with histones: https://pubmed.ncbi.nlm.nih.gov/24773235/"
Percent Glutamine,AA_Q,Percentage of sequence comprised of glutamines,Composition,,"Q/N-rich proteins are aggregation prone: https://pubmed.ncbi.nlm.nih.gov/24773235/
FUS and Q: "
Percent Arginine,AA_R,Percentage of sequence comprised of arginines,Composition,,"S/R-rich regions and splicing: https://pubmed.ncbi.nlm.nih.gov/16407336/
S/R repeats and splicing: https://pubmed.ncbi.nlm.nih.gov/24773235/"
Percent Serine,AA_S,Percentage of sequence comprised of serines,Composition,,"S/R-rich regions and splicing: https://pubmed.ncbi.nlm.nih.gov/16407336/
S/R repeats and splicing: https://pubmed.ncbi.nlm.nih.gov/24773235/
P/T/S repeats linked with mucins: https://pubmed.ncbi.nlm.nih.gov/24773235/"
Percent Threonine,AA_T,Percentage of sequence comprised of threonines,Composition,,P/T/S repeats linked with mucins: https://pubmed.ncbi.nlm.nih.gov/24773235/
Percent Valine,AA_V,Percentage of sequence comprised of valines,Composition,,
Percent Tryptophan,AA_W,Percentage of sequence comprised of tryptophans,Composition,,
Percent Tyrosine,AA_Y,Percentage of sequence comprised of tyrosines,Composition,,
Percent Acidic Residues,acidic,Percentage of sequence comprised of D/E residues,Composition,,Histone chaperones have acidic stretches: https://pmc.ncbi.nlm.nih.gov/articles/PMC5544577/
Percent Aliphatic Residues,aliphatic,Percentage of sequence comprised of A/L/M/I/V residues,Composition,,
Percent Aromatic Residues,aromatic,Percentage of sequence comprised of F/Y/W residues,Composition,,
Aromatic Residue Clustering,arospacing,A measure of clustering among aromatic residues,Residue Clustering,"First, counts the number of closely clustered aromatic residues (CCAR; defined as a F/Y/W residue which is followed by another F/Y/W residue within the next 5 amino acids). Then computes an expectation and variance of the number of CCARs based on the percentage of F/Y/W, based on a binomial null sequence model. Finally, uses the expectation and variance of CCARs to turn the raw CCAR count into a z-score, which is the reported number. Higher means more aromatic clusters than expected by chance, lower means more disperse/uniform aromatics.","This measure was developed in house, but meant to be interpreted the same as aromatic omega (Ω_π) in this paper: https://pubmed.ncbi.nlm.nih.gov/34863777/"
Percent Basic Residues,basic,Percentage of sequence comprised of R/K residues,Composition,,"Positively charged, amphipathic residues predictive of mitochondrial targeting: doi.org/10.1074/mcp.M114.043083"
Percent Chain Expanding Residues,chain_expanding,Percentage of sequence comprised of D/E/R/K/P residues (charged + proline),Composition,,
Caspase Cleavage Motif Count,CLV_C14_Caspase3-7,Number of instances of this ELM motif - http://elm.eu.org/elms/CLV_C14_Caspase3-7,Motif Count,Number of non-overlapping matches in the sequence to this regex: [DSTE][^P][^DEWHFYC]D[GSAN],Eukaryotic Linear Motif resource (ELM): http://elm.eu.org/elms/CLV_C14_Caspase3-7
Wooton Federhen Sequence Complexity,complexity,A measure of sequence complexity (see citation),Composition,"The log (natural) of the number of distinct permutations of the sequence, divided by sequence length. Sequences with a composition profile dominated by a few residue kinds will have less distinct permutations (lower complexity), while sequences with a balanced composition profile with many kinds of residues will have more distinct permutations (higher complexity).",Paper in which this measure was introduced: https://www.sciencedirect.com/science/article/pii/009784859385006X
Kappa Charge Patterning,custom_kappa,A measure of charge clustering,Residue Clustering,"First, counts the number of closely clustered same-charge residues (CCSCR; defined as a D/E/K/R residue which is followed by another D/E/K/R residue of the same charge within the next 5 amino acids). Then computes an expectation and variance of the number of CCSCRs based on the composition of D/E and K/R, based on a binomial null sequence model. Finally, uses the expectation and variance of CCSCRs to turn the raw CCSCR count into a z-score, which is the reported number. Higher means more same charge clusters than expected by chance, lower means more disperse/uniform charge distribution.","This measure was developed in house, but meant to be interpreted the same as kappa (κ) in this paper: https://pmc.ncbi.nlm.nih.gov/articles/PMC5232785/"
Omega Patterning,custom_omega,A measure of clustering among disorder-promoting residues,Residue Clustering,"First, counts the number of closely clustered disorder-promoting residues (CCDPR; defined as a D/E/K/R/P residue which is followed by another D/E/K/R/P residue within the next 5 amino acids). Then computes an expectation and variance of the number of CCDPRs based on the percentage of D/E/K/R/P, based on a binomial null sequence model. Finally, uses the expectation and variance of CCDPRs to turn the raw CCDPR count into a z-score, which is the reported number. Higher means more disorder-promoting clusters than expected by chance, lower means more disperse/uniform disorder-promoting residue distribution.","This measure was developed in house, but meant to be interpreted the same as omega (Ω_{D,E,K,R,P}) in this paper: https://pmc.ncbi.nlm.nih.gov/articles/PMC10178624/"
Aspartate Repeat Span,D_repeats,Number of D residues which are immediately followed by another D residue,Repeats,,Homorepeats in general reviewed here: https://pmc.ncbi.nlm.nih.gov/articles/PMC5603276/
KEN Box APCC Degron Count,DEG_APCC_KENBOX_2,Number of instances of a variant of this ELM motif - http://elm.eu.org/elms/DEG_APCC_KENBOX_2,Motif Count,"Number of non-overlapping matches in the sequence to this regex: KEN
The motif we use differs from the canonical ELM regex; we trim off the leading and trailing wildcard positions.",Eukaryotic Linear Motif resource (ELM): http://elm.eu.org/elms/DEG_APCC_KENBOX_2
KEAP1 Binding Degron Count,DEG_Kelch_Keap1_1,Number of instances of this ELM motif - http://elm.eu.org/elms/DEG_Kelch_Keap1_1,Motif Count,Number of non-overlapping matches in the sequence to this regex: [DNS].[DES][TNS]GE,Eukaryotic Linear Motif resource (ELM): http://elm.eu.org/elms/DEG_Kelch_Keap1_1
SCF Ub Ligase Binding Phosphodegron Count,DEG_SCF_TRCP1_1,Number of instances of this ELM motif - http://elm.eu.org/elms/DEG_SCF_TRCP1_1,Motif Count,"Number of non-overlapping matches in the sequence to this regex: D(S)G.{2,3}([ST])",Eukaryotic Linear Motif resource (ELM): http://elm.eu.org/elms/DEG_SCF_TRCP1_1
Disorder Promoting Residues,disorder_promoting,Percentage of sequence comprised of these residues: T/A/G/R/D/H/Q/K/S/E/P,Composition,,
Tankyrase Docking Motif Count,DOC_ANK_TNKS_1,Number of instances of a variant of this ELM motif - http://elm.eu.org/elms/DOC_ANK_TNKS_1,Motif Count,"Number of non-overlapping matches in the sequence to this regex: R..[PGAV][DEIP]G
The motif we use differs from the canonical ELM regex; we trim off the leading and trailing wildcard positions.","Eukaryotic Linear Motif resource (ELM): http://elm.eu.org/elms/DOC_ANK_TNKS_1
"
RxL Cyclin Docking Motif Count,DOC_CYCLIN_RxL_1,Number of instances of this ELM motif - http://elm.eu.org/elms/DOC_CYCLIN_RxL_1,Motif Count,"Number of non-overlapping matches in the sequence to this regex: (.|([KRH].{0,3}))[^EDWNSG][^D][RK][^D]L.{0,1}[FLMP].{0,3}[EDST]",Eukaryotic Linear Motif resource (ELM): http://elm.eu.org/elms/DOC_CYCLIN_RxL_1
Gen 1 MAPK Docking Motif Count,DOC_MAPK_gen_1,Number of instances of this ELM motif - http://elm.eu.org/elms/DOC_MAPK_gen_1,Motif Count,"Number of non-overlapping matches in the sequence to this regex: [KR]{0,2}[KR].{0,2}[KR].{2,4}[ILVM].[ILVF]",Eukaryotic Linear Motif resource (ELM): http://elm.eu.org/elms/DOC_MAPK_gen_1
JIP1 Class MAPK Docking Motif Count,DOC_MAPK_JIP1_4,Number of instances of this ELM motif - http://elm.eu.org/elms/DOC_MAPK_JIP1_4,Motif Count,Number of non-overlapping matches in the sequence to this regex: [RK]P[^P][^P]L.[LIVMF],Eukaryotic Linear Motif resource (ELM): http://elm.eu.org/elms/DOC_MAPK_JIP1_4
MEF2A Class MAPK Docking Motif Count,DOC_MAPK_MEF2A_6,Number of instances of this ELM motif - http://elm.eu.org/elms/DOC_MAPK_MEF2A_6,Motif Count,"Number of non-overlapping matches in the sequence to this regex: [RK].{2,4}[LIVMP].[LIV].[LIVMF]",Eukaryotic Linear Motif resource (ELM): http://elm.eu.org/elms/DOC_MAPK_MEF2A_6
NFAT4 Class MAPK Docking Motif Count,DOC_MAPK_NFAT4_5,Number of instances of this ELM motif - http://elm.eu.org/elms/DOC_MAPK_NFAT4_5,Motif Count,Number of non-overlapping matches in the sequence to this regex: [RK][^P][^P][LIM].L.[LIVMF].,Eukaryotic Linear Motif resource (ELM): http://elm.eu.org/elms/DOC_MAPK_NFAT4_5
RVXF PP1 Docking Motif Count,DOC_PP1_RVXF_1,Number of instances of a variant of this ELM motif - http://elm.eu.org/elms/DOC_PP1_RVXF_1,Motif Count,"Number of non-overlapping matches in the sequence to this regex: [RK].{0,1}[VIL][^P][FW]
The motif we use differs from the canonical ELM regex; we trim off the leading and trailing wildcard positions.",Eukaryotic Linear Motif resource (ELM): http://elm.eu.org/elms/DOC_PP1_RVXF_1
PP2A B56 Subunit Docking Motif Count,DOC_PP2A_B56_1,Number of instances of a variant of this ELM motif - http://elm.eu.org/elms/DOC_PP2A_B56_1,Motif Count,"Number of non-overlapping matches in the sequence to this regex: ([LMFYWIC]..I.E)|(L..[IVLWC].E)
The motif we use differs from the canonical ELM regex; we trim off the trailing wildcard position.",Eukaryotic Linear Motif resource (ELM): http://elm.eu.org/elms/DOC_PP2A_B56_1
PP4 EVH1 Domain Docking Motif Count,DOC_PP4_FxxP_1,Number of instances of this ELM motif - http://elm.eu.org/elms/DOC_PP4_FxxP_1,Motif Count,Number of non-overlapping matches in the sequence to this regex: F..P,Eukaryotic Linear Motif resource (ELM): http://elm.eu.org/elms/DOC_PP4_FxxP_1
Pin1 WW Domain Docking Motif Count,DOC_WW_Pin1_4,Number of instances of a variant of this ELM motif - http://elm.eu.org/elms/DOC_WW_Pin1_4,Motif Count,"Number of non-overlapping matches in the sequence to this regex: ([ST])P
The motif we use differs from the canonical ELM regex; we trim off the leading and trailing wildcard positions.",Eukaryotic Linear Motif resource (ELM): http://elm.eu.org/elms/DOC_WW_Pin1_4
Glutamate Repeat Span,E_repeats,Number of E residues which are immediately followed by another E residue,Repeats,,"Homorepeats in general reviewed here: https://pmc.ncbi.nlm.nih.gov/articles/PMC5603276/
Poly E repeats associated with WD40-repeat domains: https://pmc.ncbi.nlm.nih.gov/articles/PMC2718493/"
Glu-Asp Ratio,ED_ratio,Log((1+number of E residues) / (1+number of D residues)),Composition,,
Elastin Like Repeat Motif Span,ELASTIN_LIKE,Number of residues spanned by matches to VPGxG in the sequence,Motif Span,Number of residues spanned by non-overlapping matches to this regex: VPG.G,Elastin-like peptides reviewed in: https://pmc.ncbi.nlm.nih.gov/articles/PMC4599720/
Fraction of Charged Residues,fcr,Percentage of sequence comprised of D/E/R/K residues,Composition,,Charged fraction affects conformational properties: https://pubmed.ncbi.nlm.nih.gov/20404210/
Phe/Gly Repeat Span,FG_repeats,Number of F/G residues which are immediately followed by another F/G residue,Repeats,,F/G repeats linked with nucleoporins: https://pubmed.ncbi.nlm.nih.gov/24773235/
FG Rich Motif Span,FG_rich,Number of residues spanned by matches to FxFG or GxFG in the sequence,Motif Span,Number of residues spanned by non-overlapping matches to this regex: [FG].FG,"Characteristic of nuclear pore IDRs: https://pubmed.ncbi.nlm.nih.gov/17693259/
And other protein transport: https://pmc.ncbi.nlm.nih.gov/articles/PMC4876815/"
G3BP1 Binding Motif Span,FGxF,Number of residues spanned by matches to FGxF in the sequence,Motif Span,Number of residues spanned by non-overlapping matches to this regex: FG.F,A G3BP1 binding motif that blocks stress granule formation: https://pmc.ncbi.nlm.nih.gov/articles/PMC9403187/
[F/R]G Dipeptide Motif Span,FRG,Number of residues spanned by matches to φG in the sequence (φ is F or R),Motif Span,Number of residues spanned by non-overlapping matches to this regex: [FR]G,Important for phase separation via the formation of cation-pi interactions: http://dx.doi.org/10.1016/j.molcel.2015.01.013
Glycine Repeat Span,G_repeats,Number of G residues which are immediately followed by another G residue,Repeats,,"Homorepeats in general reviewed here: https://pmc.ncbi.nlm.nih.gov/articles/PMC5603276/
Poly G repeats associated with signal peptides: https://pmc.ncbi.nlm.nih.gov/articles/PMC2718493/"
Isoelectric Point,isoelectric_point,The pH at which the protein has net charge 0,Composition,The pH determined by finding the root of a simple residue monomer pKa based charge concentration function.,
Lysine Repeat Span,K_repeats,Number of K residues which are immediately followed by another K residue,Repeats,,Homorepeats in general reviewed here: https://pmc.ncbi.nlm.nih.gov/articles/PMC5603276/
Lys/Ala/Pro Repeat Span,KAP_repeats,Number of K/A/P residues which are immediately followed by another K/A/P residue,Repeats,,K/A/P repeats linked with histones: https://pubmed.ncbi.nlm.nih.gov/24773235/
Mean Kyte Doolittle Hydropathy,KL_hydropathy,Weighted average hydropathy over all residues using the Kyte Doolittle hydropathy scores,Composition,,Paper in which the scores were introduced: https://pubmed.ncbi.nlm.nih.gov/7108955/
14-3-3 Binding Phosphopeptide Motif Count,LIG_14-3-3_CanoR_1,Number of instances of this ELM motif - http://elm.eu.org/elms/LIG_14-3-3_CanoR_1,Motif Count,"Number of non-overlapping matches in the sequence to this regex: R[^DE]{0,2}[^DEPG]([ST])(([FWYLMV].)|([^PRIKGN]P)|([^PRIKGN].{2,4}[VILMFWYP]))",Eukaryotic Linear Motif resource (ELM): http://elm.eu.org/elms/LIG_14-3-3_CanoR_1
IQ Calmodulin Binding Motif Count,LIG_CaM_IQ_9,Number of instances of this ELM motif - http://elm.eu.org/elms/LIG_CaM_IQ_9,Motif Count,"Number of non-overlapping matches in the sequence to this regex: [ACLIVTM][^P][^P][ILVMFCT]Q[^P][^P][^P][RK][^P]{4,5}[RKQ][^P][^P]",Eukaryotic Linear Motif resource (ELM): http://elm.eu.org/elms/LIG_CaM_IQ_9
PxDLS CtBP Binding Motif Count,LIG_CtBP_PxDLS_1,Number of instances of this ELM motif - http://elm.eu.org/elms/LIG_CtBP_PxDLS_1,Motif Count,Number of non-overlapping matches in the sequence to this regex: (P[LVIPME][DENS][LM][VASTRG])|(G[LVIPME][DENS][LM][VASTRG]((K)|(.[KR]))),Eukaryotic Linear Motif resource (ELM): http://elm.eu.org/elms/LIG_CtBP_PxDLS_1
Variant 1 ALG-2 Binding Motif Count,LIG_EF_ALG2_ABM_1,Number of instances of this ELM motif - http://elm.eu.org/elms/LIG_EF_ALG2_ABM_1,Motif Count,"Number of non-overlapping matches in the sequence to this regex: P[PG]{0,1}YP.{1,6}Y[QS]{0,1}P",Eukaryotic Linear Motif resource (ELM): http://elm.eu.org/elms/LIG_EF_ALG2_ABM_1
EH Ligand Motif Count,LIG_EH_1,Number of instances of a variant of this ELM motif - http://elm.eu.org/elms/LIG_EH_1,Motif Count,"Number of non-overlapping matches in the sequence to this regex: NPF
The motif we use differs from the canonical ELM regex; we trim off the leading and trailing wildcard positions.",Eukaryotic Linear Motif resource (ELM): http://elm.eu.org/elms/LIG_EH_1
HCF-1 Binding Motif Count,LIG_HCF-1_HBM_1,Number of instances of this ELM motif - http://elm.eu.org/elms/LIG_HCF-1_HBM_1,Motif Count,Number of non-overlapping matches in the sequence to this regex: [DE]H.Y,Eukaryotic Linear Motif resource (ELM): http://elm.eu.org/elms/LIG_HCF-1_HBM_1
YPWM PBX Homeobox Binding Motif Count,LIG_HOMEOBOX,Number of instances of this ELM motif - http://elm.eu.org/elms/LIG_HOMEOBOX,Motif Count,Number of non-overlapping matches in the sequence to this regex: [FY][DEP]WM,Eukaryotic Linear Motif resource (ELM): http://elm.eu.org/elms/LIG_HOMEOBOX
KEPE Sumoylation Site Count,LIG_KEPE_2,Number of instances of this ELM motif - http://elm.eu.org/elms/LIG_KEPE_2,Motif Count,"Number of non-overlapping matches in the sequence to this regex: [VILMFT]K.EP.{2,3}[DE]",Eukaryotic Linear Motif resource (ELM): http://elm.eu.org/elms/LIG_KEPE_2
WD Kinesin LC TPR Binding Motif Count,LIG_KLC1_WD_1,Number of instances of this ELM motif - http://elm.eu.org/elms/LIG_KLC1_WD_1,Motif Count,"Number of non-overlapping matches in the sequence to this regex: [LMTAFSRI][^KRG]W[DE].{3,5}[LIVMFPA]",Eukaryotic Linear Motif resource (ELM): http://elm.eu.org/elms/LIG_KLC1_WD_1
Atg8 Protein Family Ligand Motif Count,LIG_LIR_Gen_1,Number of instances of this ELM motif - http://elm.eu.org/elms/LIG_LIR_Gen_1,Motif Count,"Number of non-overlapping matches in the sequence to this regex: [EDST].{0,2}[WFY][^RKPG][^PG][ILV]",Eukaryotic Linear Motif resource (ELM): http://elm.eu.org/elms/LIG_LIR_Gen_1
PABP Interacting Motif 2 Count,LIG_PAM2_1,Number of instances of a variant of this ELM motif - http://elm.eu.org/elms/LIG_PAM2_1,Motif Count,"Number of non-overlapping matches in the sequence to this regex: [LFP][NS][PIVTAFL].A..(([FY].[PYLF])|(W..))
The motif we use differs from the canonical ELM regex; we trim off the leading and trailing wildcard positions.",Eukaryotic Linear Motif resource (ELM): http://elm.eu.org/elms/LIG_PAM2_1
PIP Box PCNA Binding Motif Count,LIG_PCNA_PIPBox_1,Number of instances of a variant of this ELM motif - http://elm.eu.org/elms/LIG_PCNA_PIPBox_1,Motif Count,"Number of non-overlapping matches in the sequence to this regex: [QM].[^FHWY][LIVM][^P][^PFWYMLIV](([FYHL][FYW])|([FYH][FYWL]))
The motif we use differs from the canonical ELM regex; we trim off the trailing wildcard positions.",Eukaryotic Linear Motif resource (ELM): http://elm.eu.org/elms/LIG_PCNA_PIPBox_1
Class 1 PDZ Domain Ligand Motif Count,LIG_PDZ_Class_1,Number of instances of a variant of this ELM motif - http://elm.eu.org/elms/LIG_PDZ_Class_1,Motif Count,"Number of non-overlapping matches in the sequence to this regex: [ST].[ACVILF]$
The motif we use differs from the canonical ELM regex; we trim off the leading wildcard positions.",Eukaryotic Linear Motif resource (ELM): http://elm.eu.org/elms/LIG_PDZ_Class_1
Trp-1 PDZ Domain Ligand Motif Count,LIG_PDZ_Wminus1_1,Number of instances of a variant of this ELM motif - http://elm.eu.org/elms/LIG_PDZ_Wminus1_1,Motif Count,"Number of non-overlapping matches in the sequence to this regex: W[ACGILV]$
The motif we use differs from the canonical ELM regex; we trim off the leading wildcard positions.",Eukaryotic Linear Motif resource (ELM): http://elm.eu.org/elms/LIG_PDZ_Wminus1_1
PTAP UEV Domain Binding Motif Count,LIG_PTAP_UEV_1,Number of instances of a variant of this ELM motif - http://elm.eu.org/elms/LIG_PTAP_UEV_1,Motif Count,"Number of non-overlapping matches in the sequence to this regex: P[TS]AP
The motif we use differs from the canonical ELM regex; we trim off the leading and trailing wildcard positions.",Eukaryotic Linear Motif resource (ELM): http://elm.eu.org/elms/LIG_PTAP_UEV_1
Apo 2PTB Domain Ligand Motif Count,LIG_PTB_Apo_2,Number of instances of this ELM motif - http://elm.eu.org/elms/LIG_PTB_Apo_2,Motif Count,Number of non-overlapping matches in the sequence to this regex: (.[^P].NP.[FY].)|(.[ILVMFY].N..[FY].),Eukaryotic Linear Motif resource (ELM): http://elm.eu.org/elms/LIG_PTB_Apo_2
Phospho 1 PTB Domain Ligand Motif Count,LIG_PTB_Phospho_1,Number of instances of this ELM motif - http://elm.eu.org/elms/LIG_PTB_Phospho_1,Motif Count,Number of non-overlapping matches in the sequence to this regex: (.[^P].NP.(Y))|(.[ILVMFY].N..(Y)),Eukaryotic Linear Motif resource (ELM): http://elm.eu.org/elms/LIG_PTB_Phospho_1
LxCxE Pocket Protein B Subdomain Ligand Motif Count,LIG_Rb_LxCxE_1,Number of instances of this ELM motif - http://elm.eu.org/elms/LIG_Rb_LxCxE_1,Motif Count,"Number of non-overlapping matches in the sequence to this regex: ([DEST]|^).{0,4}[LI].C.E.{1,4}[FLMIVAWPHY].{0,8}([DEST]|$)",Eukaryotic Linear Motif resource (ELM): http://elm.eu.org/elms/LIG_Rb_LxCxE_1
CRK SH2 Binding Phosphotyrosine Motif Count,LIG_SH2_CRK,Number of instances of this ELM motif - http://elm.eu.org/elms/LIG_SH2_CRK,Motif Count,Number of non-overlapping matches in the sequence to this regex: (Y)[^EPILVFYW][^HDEW][PLIV][^DEW],Eukaryotic Linear Motif resource (ELM): http://elm.eu.org/elms/LIG_SH2_CRK
GRB2-like SH2 Binding Phosphotyrosine Motif Count,LIG_SH2_GRB2like,Number of instances of a variant of this ELM motif - http://elm.eu.org/elms/LIG_SH2_GRB2like,Motif Count,"Number of non-overlapping matches in the sequence to this regex: (Y)([EDST]|[MLIVAFYHQW])N
The motif we use differs from the canonical ELM regex; we trim off the trailing wildcard position.",Eukaryotic Linear Motif resource (ELM): http://elm.eu.org/elms/LIG_SH2_GRB2like
NCK SH2 Binding Phosphotyrosine Motif Count,LIG_SH2_NCK_1,Number of instances of this ELM motif - http://elm.eu.org/elms/LIG_SH2_NCK_1,Motif Count,Number of non-overlapping matches in the sequence to this regex: (Y)[DESTNA][^GWFY][VPAI][DENQSTAGYFP],Eukaryotic Linear Motif resource (ELM): http://elm.eu.org/elms/LIG_SH2_NCK_1
SRC SH2 Binding Phosphotyrosine Motif Count,LIG_SH2_SRC,"Counts SRC/SH2 binding sites, by counting motif hits for a motif from an older version of the ELM.",Motif Count,Number of non-overlapping matches in the sequence to this regex: (Y)[QDEVAIL][DENPYHI][IPVGAHS],"Used to be available at ELM, no longer there"
STAP1 SH2 Binding Phosphotyrosine Motif Count,LIG_SH2_STAP1,Number of instances of this ELM motif - http://elm.eu.org/elms/LIG_SH2_STAP1,Motif Count,Number of non-overlapping matches in the sequence to this regex: (Y)[DESTA][^GP][^GP][ILVFMWYA],Eukaryotic Linear Motif resource (ELM): http://elm.eu.org/elms/LIG_SH2_STAP1
STAP5 SH2 Binding Phosphotyrosine Motif Count,LIG_SH2_STAT5,Number of instances of a variant of this ELM motif - http://elm.eu.org/elms/LIG_SH2_STAT5,Motif Count,"Number of non-overlapping matches in the sequence to this regex: (Y)[VLTFIC]
The motif we use differs from the canonical ELM regex; we trim off the trailing wildcard positions.",Eukaryotic Linear Motif resource (ELM): http://elm.eu.org/elms/LIG_SH2_STAT5
SH3 Binding Motif Count,LIG_SH3_2,Number of instances of this ELM motif - http://elm.eu.org/elms/LIG_SH3_2,Motif Count,Number of non-overlapping matches in the sequence to this regex: P..P.[KR],Eukaryotic Linear Motif resource (ELM): http://elm.eu.org/elms/LIG_SH3_2
SUMO Interaction (Anti-parallel Variant) Motif Count,LIG_SUMO_SIM_anti_2,Number of instances of this ELM motif - http://elm.eu.org/elms/LIG_SUMO_SIM_anti_2,Motif Count,"Number of non-overlapping matches in the sequence to this regex: [DEST]{1,10}.{0,1}[VIL][DESTVILMA][VIL][VILM].[DEST]{0,5}",Eukaryotic Linear Motif resource (ELM): http://elm.eu.org/elms/LIG_SUMO_SIM_anti_2
SUMO Interaction (Parallel Variant) Motif Count,LIG_SUMO_SIM_par_1,Number of instances of this ELM motif - http://elm.eu.org/elms/LIG_SUMO_SIM_par_1,Motif Count,"Number of non-overlapping matches in the sequence to this regex: [DEST]{0,5}.[VILPTM][VIL][DESTVILMA][VIL].{0,1}[DEST]{1,10}",Eukaryotic Linear Motif resource (ELM): http://elm.eu.org/elms/LIG_SUMO_SIM_par_1
SPK CDK Phosphorylation Site Count,MOD_CDK_SPK_2,Number of instances of a variant of this ELM motif - http://elm.eu.org/elms/MOD_CDK_SPK_2,Motif Count,"Number of non-overlapping matches in the sequence to this regex: ([ST])P[RK]
The motif we use differs from the canonical ELM regex; we trim off the leading wildcard positions.",Eukaryotic Linear Motif resource (ELM): http://elm.eu.org/elms/MOD_CDK_SPK_2
SPxK CDK Phosphorylation Site Count,MOD_CDK_SPxK_1,Number of instances of a variant of this ELM motif - http://elm.eu.org/elms/MOD_CDK_SPxK_1,Motif Count,"Number of non-overlapping matches in the sequence to this regex: ([ST])P.[KR]
The motif we use differs from the canonical ELM regex; we trim off the leading wildcard positions.",Eukaryotic Linear Motif resource (ELM): http://elm.eu.org/elms/MOD_CDK_SPxK_1
SPxxK CDK Phosphorylation Site Count,MOD_CDK_SPxxK_3,Number of instances of a variant of this ELM motif - http://elm.eu.org/elms/MOD_CDK_SPxxK_3,Motif Count,"Number of non-overlapping matches in the sequence to this regex: ([ST])P..[RK]
The motif we use differs from the canonical ELM regex; we trim off the leading wildcard positions.",Eukaryotic Linear Motif resource (ELM): http://elm.eu.org/elms/MOD_CDK_SPxxK_3
CK1 Phosphorylation Site Count,MOD_CK1_1,Number of instances of a variant of this ELM motif - http://elm.eu.org/elms/MOD_CK1_1,Motif Count,"Number of non-overlapping matches in the sequence to this regex: S..([ST])
The motif we use differs from the canonical ELM regex; we trim off the trailing wildcard positions.",Eukaryotic Linear Motif resource (ELM): http://elm.eu.org/elms/MOD_CK1_1
CK2 Phosphorylation Site Count,MOD_CK2_1,Number of instances of a variant of this ELM motif - http://elm.eu.org/elms/MOD_CK2_1,Motif Count,"Number of non-overlapping matches in the sequence to this regex: ([ST])..E
The motif we use differs from the canonical ELM regex; we trim off the leading wildcard positions.",Eukaryotic Linear Motif resource (ELM): http://elm.eu.org/elms/MOD_CK2_1
DYRK1A Phosphorylation Site Count,MOD_DYRK1A_RPxSP_1,Number of instances of this ELM motif - http://elm.eu.org/elms/MOD_DYRK1A_RPxSP_1,Motif Count,Number of non-overlapping matches in the sequence to this regex: R[PSVA].([ST])P,Eukaryotic Linear Motif resource (ELM): http://elm.eu.org/elms/MOD_DYRK1A_RPxSP_1
GSK3 Phosphorylation Site Count,MOD_GSK3_1,Number of instances of a variant of this ELM motif - http://elm.eu.org/elms/MOD_GSK3_1,Motif Count,"Number of non-overlapping matches in the sequence to this regex: ([ST])...[ST]
The motif we use differs from the canonical ELM regex; we trim off the leading wildcard positions.",Eukaryotic Linear Motif resource (ELM): http://elm.eu.org/elms/MOD_GSK3_1
N-linked Glycosylation Site Count,MOD_N-GLC_1,Number of instances of a variant of this ELM motif - http://elm.eu.org/elms/MOD_N-GLC_1,Motif Count,"Number of non-overlapping matches in the sequence to this regex: (N)[^P][ST]
The motif we use differs from the canonical ELM regex; we trim off the leading and trailing wildcard positions.",Eukaryotic Linear Motif resource (ELM): http://elm.eu.org/elms/MOD_N-GLC_1
N-terminal Myristoylation Site Count,MOD_NMyristoyl,Number of instances of this ELM motif - http://elm.eu.org/elms/MOD_NMyristoyl,Motif Count,"Number of non-overlapping matches in the sequence to this regex: ^M{0,1}(G)[^EDRKHPFYW]..[STAGCN][^P]",Eukaryotic Linear Motif resource (ELM): http://elm.eu.org/elms/MOD_NMyristoyl
PIKK Phosphorylation Site Count,MOD_PIKK_1,Number of instances of a variant of this ELM motif - http://elm.eu.org/elms/MOD_PIKK_1,Motif Count,"Number of non-overlapping matches in the sequence to this regex: ([ST])Q
The motif we use differs from the canonical ELM regex; we trim off the leading and trailing wildcard positions.",Eukaryotic Linear Motif resource (ELM): http://elm.eu.org/elms/MOD_PIKK_1
PKA Phosphorylation Site,MOD_PKA_1,Number of instances of a variant of this ELM motif - http://elm.eu.org/elms/MOD_PKA_1,Motif Count,"Number of non-overlapping matches in the sequence to this regex: [RK][RK].([ST])[^P]
The motif we use differs from the canonical ELM regex; we trim off the trailing wildcard positions.",Eukaryotic Linear Motif resource (ELM): http://elm.eu.org/elms/MOD_PKA_1
Secondary Preference PKA Phosphorylation Site,MOD_PKA_2,Number of instances of a variant of this ELM motif - http://elm.eu.org/elms/MOD_PKA_2,Motif Count,"Number of non-overlapping matches in the sequence to this regex: R.([ST])[^P]
The motif we use differs from the canonical ELM regex; we trim off the leading and trailing wildcard positions.",Eukaryotic Linear Motif resource (ELM): http://elm.eu.org/elms/MOD_PKA_2
PKB Phosphorylation Site,MOD_PKB_1,Number of instances of a variant of this ELM motif - http://elm.eu.org/elms/MOD_PKB_1,Motif Count,"Number of non-overlapping matches in the sequence to this regex: R.R..([ST])[^P]
The motif we use differs from the canonical ELM regex; we trim off the trailing wildcard positions.",Eukaryotic Linear Motif resource (ELM): http://elm.eu.org/elms/MOD_PKB_1
Polo-like Kinase Phosphosite Motif Count,MOD_Plk_1,Number of instances of a variant of this ELM motif - http://elm.eu.org/elms/MOD_Plk_1,Motif Count,"Number of non-overlapping matches in the sequence to this regex: [DNE][^PG][ST](([FYILMVW]..)|([^PEDGKN][FWYLIVM]).)
The motif we use differs from the canonical ELM regex; we trim off the leading wildcard position.",Eukaryotic Linear Motif resource (ELM): http://elm.eu.org/elms/MOD_Plk_1
MAPK Phosphorylation Site Count,MOD_ProDKin_1,Number of instances of a variant of this ELM motif - http://elm.eu.org/elms/MOD_ProDKin_1,Motif Count,"Number of non-overlapping matches in the sequence to this regex: ([ST])P
The motif we use differs from the canonical ELM regex; we trim off the leading and trailing wildcard positions.",Eukaryotic Linear Motif resource (ELM): http://elm.eu.org/elms/MOD_ProDKin_1
Sumoylation Site Count,MOD_SUMO_for_1,Number of instances of this ELM motif - http://elm.eu.org/elms/MOD_SUMO_for_1,Motif Count,Number of non-overlapping matches in the sequence to this regex: [VILMAFP](K).E,Eukaryotic Linear Motif resource (ELM): http://elm.eu.org/elms/MOD_SUMO_for_1
Sumoylation (Reverse Variant) Site Count,MOD_SUMO_rev_2,Number of instances of this ELM motif - http://elm.eu.org/elms/MOD_SUMO_rev_2,Motif Count,"Number of non-overlapping matches in the sequence to this regex: [SDE].{0,5}[DE].(K).{0,1}[AIFLMPSTV]",Eukaryotic Linear Motif resource (ELM): http://elm.eu.org/elms/MOD_SUMO_rev_2
Asparagine Repeat Span,N_repeats,Number of N residues which are immediately followed by another N residue,Repeats,,Homorepeats in general reviewed here: https://pmc.ncbi.nlm.nih.gov/articles/PMC5603276/
Net Charge,net_charge,"Difference of K/R residues minus number of D/E residues, not divided by sequence length",Composition,,Net charge modulates conformational properties: https://pubmed.ncbi.nlm.nih.gov/20404210/
Proline Repeat Span,P_repeats,Number of P residues which are immediately followed by another P residue,Repeats,,Associated to protein kinase-like domains: https://pmc.ncbi.nlm.nih.gov/articles/PMC2718493/
Pro/gly-rich Motif Span,PG_rich,Number of residues spanned by hits to this motif (Gxxππ) where π is either G or P.,Motif Span,Number of residues spanned by non-overlapping matches to this regex: G..[GP][PG],Believed to facilitate protein phase separation: https://doi.org/10.1016/j.jmb.2020.02.020
Percent Polar Residues,polar_fraction,Percentage of sequence comprised of these residues: Q/N/S/T/G/C/H,Composition,,
Pro/Arg Repeat Span,PR_repeats,Number of P/R residues which are immediately followed by another P/R residue,Repeats,,P/R repeats preferentially partition NPM1 (nucleolar): https://pmc.ncbi.nlm.nih.gov/articles/PMC6525025/
Pro/Thr/Ser Repeat Span,PTS_repeats,Number of P/T/S residues which are immediately followed by another P/T/S residue,Repeats,,P/T/S repeats linked with mucins: https://pubmed.ncbi.nlm.nih.gov/24773235/
PY Motif Span,PY,Number of residues spanned by the subsequence PY,Motif Span,,
Glutamine Repeat Span,Q_repeats,Number of Q residues which are immediately followed by another Q residue,Repeats,,"Homorepeats in general reviewed here: https://pmc.ncbi.nlm.nih.gov/articles/PMC5603276/
Q repeats associated to qunioprotein alcoholdehydrogenase-like domains: https://pmc.ncbi.nlm.nih.gov/articles/PMC2718493/"
Glutamine Repeat Span,QN_repeats,Number of Q/N residues which are immediately followed by another Q/N residue,Repeats,,Q/N-rich proteins are aggregation prone: https://pubmed.ncbi.nlm.nih.gov/24773235/
Arg/Tyr Residue Span,R_plus_Y,Number of R and Y residues,Motif Span,,R+Y is predictive of phase separation strength (Csat) due to pi-pi/pi-cation interactions: https://pmc.ncbi.nlm.nih.gov/articles/PMC6063760/
Arginine Repeat Span,R_repeats,Number of R residues which are immediately followed by another R residue,Repeats,,Homorepeats in general reviewed here: https://pmc.ncbi.nlm.nih.gov/articles/PMC5603276/
RGG Motif Span,REP_RGG,Number of residues spanned by occurrences of the subsequence RGG,Motif Span,,RGGs are involved in RNA-mediated phase separation: https://pubmed.ncbi.nlm.nih.gov/29913160/
Arg/Gly Repeat Span,RG_repeats,Number of R/G residues which are immediately followed by another R/G residue,Repeats,,RGGs are involved in RNA-mediated phase separation: https://pubmed.ncbi.nlm.nih.gov/29913160/
Arg-Lys Ratio,RK_ratio,Log((1+number of R residues) / (1+number of K residues)),Composition,,Arginine to lysine mutations affect phase separation: https://pubmed.ncbi.nlm.nih.gov/29424691/
Serine Repeat Span,S_repeats,Number of S residues which are immediately followed by another S residue,Repeats,,"Homorepeats in general reviewed here: https://pmc.ncbi.nlm.nih.gov/articles/PMC5603276/
S repeats associated to protein kinase-like domains: https://pmc.ncbi.nlm.nih.gov/articles/PMC2718493/"
Sequence Charge Decoration,scd,A measure of charge clustering defined by Kingshuk Ghosh's group (see citation). ,Residue Clustering,"See citation for computation. Higher means more intermixed/uniform charge distribution, lower means more charge clusters.",Paper in which this measure was introduced: https://pubmed.ncbi.nlm.nih.gov/26328871/
Ser/Gly Repeat Span,SG_repeats,Number of S/G residues which are immediately followed by another S/G residue,Repeats,,
Flexible Sticker Motif Span,SGFYSG,Number of residues spanned by F/Y residues flanked on both sides by S/G residues,Motif Span,Number of residues spanned by non-overlapping matches to this regex: [SG][FY][SG],"Enriched motif in human stress granule proteins: https://doi.org/10.1016/j.jmb.2020.02.020
Tyrosine flanked by S/G shown to be important for hydrogel formation: https://doi.org/10.1016/j.cell.2012.04.017"
Ser/Arg Repeat Span,SR_repeats,Number of S/R residues which are immediately followed by another S/R residue,Repeats,,S/R repeats and splicing: https://pubmed.ncbi.nlm.nih.gov/24773235/
Di-Arg ER Retention Motif Count,TRG_ER_diArg_1,Number of instances of this ELM motif - http://elm.eu.org/elms/TRG_ER_diArg_1,Motif Count,"Number of non-overlapping matches in the sequence to this regex: ([LIVMFYWPR]R[^YFWDE]{0,1}R)|(R[^YFWDE]{0,1}R[LIVMFYWPR])",Eukaryotic Linear Motif resource (ELM): http://elm.eu.org/elms/TRG_ER_diArg_1
FFAT Motif Count,TRG_ER_FFAT_1,Number of instances of this ELM motif - http://elm.eu.org/elms/TRG_ER_FFAT_1,Motif Count,"Number of non-overlapping matches in the sequence to this regex: [EDS].{0,4}[ED][FY][FYKREM][DE][AC].{1,2}[EDST]",Eukaryotic Linear Motif resource (ELM): http://elm.eu.org/elms/TRG_ER_FFAT_1
LL Motif Count,TRG_LysEnd_APsAcLL_1,Number of instances of a dileucine motif from an older version of ELM.,Motif Count,Number of non-overlapping matches in the sequence to this regex: [DERQ]...L[LVI],"Used to be available at ELM, no longer there. Referenced in the ELM table of candidates (entry TRG_LysEnd_APsAcLL_2). Here's a paper that calls it the LL motif: http://www.ncbi.nlm.nih.gov/pubmed/10611976"
CRM1 Nuclear Export Signal Count,TRG_NES_CRM1_1,Number of instances of this ELM motif - http://elm.eu.org/elms/TRG_NES_CRM1_1,Motif Count,"Number of non-overlapping matches in the sequence to this regex: ([DEQ].{0,1}[LIM].{2,3}[LIVMF][^P]{2,3}[LMVF].[LMIV].{0,3}[DE])|([DE].{0,1}[LIM].{2,3}[LIVMF][^P]{2,3}[LMVF].[LMIV].{0,3}[DEQ])",Eukaryotic Linear Motif resource (ELM): http://elm.eu.org/elms/TRG_NES_CRM1_1
MonoExtN_4 Nuclear Localization Signal Count,TRG_NLS_MonoExtN_4,Number of instances of this ELM motif - http://elm.eu.org/elms/TRG_NLS_MonoExtN_4,Motif Count,"Number of non-overlapping matches in the sequence to this regex: (([PKR].{0,1}[^DE])|([PKR]))((K[RK])|(RK))(([^DE][KR])|([KR][^DE]))[^DE]",Eukaryotic Linear Motif resource (ELM): http://elm.eu.org/elms/TRG_NLS_MonoExtN_4